unique_id,bildirimsiz_sum
2024-01-04-izmir-aliaga,4.351228397191333
2024-01-05-izmir-aliaga,4.303763838970646
2024-01-06-izmir-aliaga,4.2973125909814724
2024-01-07-izmir-aliaga,4.521592618370572
2024-01-08-izmir-aliaga,4.354024782370094
2024-01-09-izmir-aliaga,4.675034768770824
2024-01-10-izmir-aliaga,5.2044064157362735
2024-01-11-izmir-aliaga,4.446081346924535
2024-01-12-izmir-aliaga,4.380478798228372
2024-01-13-izmir-aliaga,4.478795195823421
2024-01-14-izmir-aliaga,4.217846311809881
2024-01-15-izmir-aliaga,4.460734451836626
2024-01-16-izmir-aliaga,4.535014107853697
2024-01-17-izmir-aliaga,4.435813892808161
2024-01-18-izmir-aliaga,4.512501471790223
2024-01-19-izmir-aliaga,4.750765595999305
2024-01-20-izmir-aliaga,4.871560552920125
2024-01-21-izmir-aliaga,5.188169138132792
2024-01-22-izmir-aliaga,4.991951946396929
2024-01-23-izmir-aliaga,4.278069428947833
2024-01-24-izmir-aliaga,4.443359724088277
2024-01-25-izmir-aliaga,4.415711262850846
2024-01-26-izmir-aliaga,4.370297463143735
2024-01-27-izmir-aliaga,4.365238328540471
2024-01-28-izmir-aliaga,4.430978790124446
2024-01-29-izmir-aliaga,4.751795956972883
2024-01-30-izmir-aliaga,5.043977149277
2024-01-31-izmir-aliaga,4.896840631572639
2024-01-04-izmir-balcova,1.148700419258648
2024-01-05-izmir-balcova,0.8873404486880846
2024-01-06-izmir-balcova,0.9998598217582921
2024-01-07-izmir-balcova,0.8209843037885453
2024-01-08-izmir-balcova,0.9005813160813549
2024-01-09-izmir-balcova,0.9317491435335498
2024-01-10-izmir-balcova,0.8908418314971518
2024-01-11-izmir-balcova,0.9209764238744059
2024-01-12-izmir-balcova,0.871927385338146
2024-01-13-izmir-balcova,0.9161128398958558
2024-01-14-izmir-balcova,0.7029948866371792
2024-01-15-izmir-balcova,0.9788366821920734
2024-01-16-izmir-balcova,1.0474117983055329
2024-01-17-izmir-balcova,0.9255311205213917
2024-01-18-izmir-balcova,0.9340002022930134
2024-01-19-izmir-balcova,1.0685304294292604
2024-01-20-izmir-balcova,0.9339998473913967
2024-01-21-izmir-balcova,0.8962143279279117
2024-01-22-izmir-balcova,0.8281372308034551
2024-01-23-izmir-balcova,0.8416334322301429
2024-01-24-izmir-balcova,0.8525463488224512
2024-01-25-izmir-balcova,0.6145160620624595
2024-01-26-izmir-balcova,0.6495582362670851
2024-01-27-izmir-balcova,0.8338061504968977
2024-01-28-izmir-balcova,0.8183679340836717
2024-01-29-izmir-balcova,0.9147236067079824
2024-01-30-izmir-balcova,0.9400560483139324
2024-01-31-izmir-balcova,0.8835271455892801
2024-01-04-izmir-bayindir,3.928238513291736
2024-01-05-izmir-bayindir,4.737433696616486
2024-01-06-izmir-bayindir,4.742655317663935
2024-01-07-izmir-bayindir,4.341578634347757
2024-01-08-izmir-bayindir,4.6268378078610874
2024-01-09-izmir-bayindir,4.758346938896967
2024-01-10-izmir-bayindir,5.090705975492954
2024-01-11-izmir-bayindir,4.933578774998921
2024-01-12-izmir-bayindir,5.038461640401724
2024-01-13-izmir-bayindir,5.203522532875773
2024-01-14-izmir-bayindir,5.0109744059756185
2024-01-15-izmir-bayindir,4.884126381852159
2024-01-16-izmir-bayindir,4.536189366205105
2024-01-17-izmir-bayindir,4.878433694201302
2024-01-18-izmir-bayindir,4.89514685840515
2024-01-19-izmir-bayindir,4.799934055935495
2024-01-20-izmir-bayindir,4.13187150433858
2024-01-21-izmir-bayindir,5.165889816966043
2024-01-22-izmir-bayindir,5.086630088593894
2024-01-23-izmir-bayindir,5.166393112733083
2024-01-24-izmir-bayindir,5.049663815439812
2024-01-25-izmir-bayindir,4.909241920324806
2024-01-26-izmir-bayindir,4.859579293867411
2024-01-27-izmir-bayindir,5.0888547303187375
2024-01-28-izmir-bayindir,4.964823390094738
2024-01-29-izmir-bayindir,5.148368542208883
2024-01-30-izmir-bayindir,5.121627354285985
2024-01-31-izmir-bayindir,5.118442095211979
2024-01-04-izmir-bayrakli,3.0569492459682803
2024-01-05-izmir-bayrakli,3.0771956277688806
2024-01-06-izmir-bayrakli,3.035308150487504
2024-01-07-izmir-bayrakli,3.158041893016052
2024-01-08-izmir-bayrakli,3.398908756445541
2024-01-09-izmir-bayrakli,2.9437092977822927
2024-01-10-izmir-bayrakli,2.9625251616025503
2024-01-11-izmir-bayrakli,3.7270146289171167
2024-01-12-izmir-bayrakli,3.003427333487024
2024-01-13-izmir-bayrakli,3.194137157379519
2024-01-14-izmir-bayrakli,3.0451763478912124
2024-01-15-izmir-bayrakli,3.908382908808292
2024-01-16-izmir-bayrakli,3.441934323933869
2024-01-17-izmir-bayrakli,3.453420262504239
2024-01-18-izmir-bayrakli,3.238586808657915
2024-01-19-izmir-bayrakli,3.7041781955226667
2024-01-20-izmir-bayrakli,3.6146865442962253
2024-01-21-izmir-bayrakli,2.994926947503124
2024-01-22-izmir-bayrakli,3.2825936252176446
2024-01-23-izmir-bayrakli,3.7570350897386233
2024-01-24-izmir-bayrakli,3.049888737929815
2024-01-25-izmir-bayrakli,3.46235841781264
2024-01-26-izmir-bayrakli,3.043469278573754
2024-01-27-izmir-bayrakli,3.0974560090454926
2024-01-28-izmir-bayrakli,3.0491378912551896
2024-01-29-izmir-bayrakli,3.721466275081847
2024-01-30-izmir-bayrakli,3.7672469889714812
2024-01-31-izmir-bayrakli,3.449615716624911
2024-01-04-izmir-bergama,5.950117589790483
2024-01-05-izmir-bergama,5.794741697417303
2024-01-06-izmir-bergama,5.888671140771042
2024-01-07-izmir-bergama,5.7246332359703
2024-01-08-izmir-bergama,5.595096874668846
2024-01-09-izmir-bergama,5.88270725255078
2024-01-10-izmir-bergama,5.55134140970622
2024-01-11-izmir-bergama,5.5805412030629125
2024-01-12-izmir-bergama,5.512602683612849
2024-01-13-izmir-bergama,5.83748819408557
2024-01-14-izmir-bergama,5.738633830910305
2024-01-15-izmir-bergama,5.832592560403475
2024-01-16-izmir-bergama,5.718740000237191
2024-01-17-izmir-bergama,5.561165942687633
2024-01-18-izmir-bergama,5.953680249009403
2024-01-19-izmir-bergama,5.698246454415286
2024-01-20-izmir-bergama,5.756207338994389
2024-01-21-izmir-bergama,5.5659157843469504
2024-01-22-izmir-bergama,5.491348227092855
2024-01-23-izmir-bergama,5.7853791221910615
2024-01-24-izmir-bergama,5.824206609128801
2024-01-25-izmir-bergama,5.883087463805588
2024-01-26-izmir-bergama,5.84171857291227
2024-01-27-izmir-bergama,5.662316866122247
2024-01-28-izmir-bergama,5.513929477262708
2024-01-29-izmir-bergama,6.009979107663091
2024-01-30-izmir-bergama,5.818917801314439
2024-01-31-izmir-bergama,5.79518014118775
2024-01-04-izmir-beydag,0.01320596278024841
2024-01-05-izmir-beydag,0.2469398746100937
2024-01-06-izmir-beydag,0.4299838922628744
2024-01-07-izmir-beydag,0.20896429275297193
2024-01-08-izmir-beydag,0.14962879485666303
2024-01-09-izmir-beydag,0.10461967149756561
2024-01-10-izmir-beydag,0.37075117566991916
2024-01-11-izmir-beydag,0.9070975675534179
2024-01-12-izmir-beydag,0.27250332793409365
2024-01-13-izmir-beydag,0.34008210575857667
2024-01-14-izmir-beydag,0.396277344569225
2024-01-15-izmir-beydag,0.24318529976737951
2024-01-16-izmir-beydag,0.06457719672110812
2024-01-17-izmir-beydag,0.4104964441354929
2024-01-18-izmir-beydag,0.18541412564305967
2024-01-19-izmir-beydag,0.40159545422341836
2024-01-20-izmir-beydag,0.3479401965026386
2024-01-21-izmir-beydag,0.3958639409342425
2024-01-22-izmir-beydag,0.41074517287727585
2024-01-23-izmir-beydag,0.3969373723478796
2024-01-24-izmir-beydag,0.41058772258203097
2024-01-25-izmir-beydag,0.3476141667142373
2024-01-26-izmir-beydag,0.35253975901352264
2024-01-27-izmir-beydag,0.37384691294086647
2024-01-28-izmir-beydag,0.3343623652216876
2024-01-29-izmir-beydag,0.2685864266690705
2024-01-30-izmir-beydag,0.2564797782383447
2024-01-31-izmir-beydag,0.34427215462312144
2024-01-04-izmir-bornova,7.896636415294696
2024-01-05-izmir-bornova,7.9037875390501044
2024-01-06-izmir-bornova,8.399486101123088
2024-01-07-izmir-bornova,7.761224721092279
2024-01-08-izmir-bornova,7.94979346560285
2024-01-09-izmir-bornova,8.134461351525324
2024-01-10-izmir-bornova,7.418938615478934
2024-01-11-izmir-bornova,7.490186010381211
2024-01-12-izmir-bornova,7.485057806860503
2024-01-13-izmir-bornova,7.257197064527174
2024-01-14-izmir-bornova,7.534888165664436
2024-01-15-izmir-bornova,7.854324410755332
2024-01-16-izmir-bornova,7.832719758406407
2024-01-17-izmir-bornova,7.788402543395264
2024-01-18-izmir-bornova,7.707785774190505
2024-01-19-izmir-bornova,7.860687986773091
2024-01-20-izmir-bornova,8.07487279791432
2024-01-21-izmir-bornova,7.46619515686331
2024-01-22-izmir-bornova,7.393582355660416
2024-01-23-izmir-bornova,7.527289395648369
2024-01-24-izmir-bornova,7.512271711053839
2024-01-25-izmir-bornova,7.552375533332061
2024-01-26-izmir-bornova,7.5109683335916895
2024-01-27-izmir-bornova,7.40877220381221
2024-01-28-izmir-bornova,7.520419139336139
2024-01-29-izmir-bornova,7.4227695213625555
2024-01-30-izmir-bornova,7.401687322250837
2024-01-31-izmir-bornova,7.416403474813232
2024-01-04-izmir-buca,5.822237304316928
2024-01-05-izmir-buca,5.922115061762021
2024-01-06-izmir-buca,5.901566363251644
2024-01-07-izmir-buca,5.830051116947999
2024-01-08-izmir-buca,5.775112641330622
2024-01-09-izmir-buca,5.803773343595177
2024-01-10-izmir-buca,5.838860158167494
2024-01-11-izmir-buca,5.684936995668438
2024-01-12-izmir-buca,5.808147639713643
2024-01-13-izmir-buca,5.162658432420353
2024-01-14-izmir-buca,5.715018726297663
2024-01-15-izmir-buca,5.742713806988772
2024-01-16-izmir-buca,5.807186086548043
2024-01-17-izmir-buca,5.806720529940713
2024-01-18-izmir-buca,5.9981136851132835
2024-01-19-izmir-buca,6.01644511416475
2024-01-20-izmir-buca,5.924472031417761
2024-01-21-izmir-buca,5.802260936088461
2024-01-22-izmir-buca,5.76660114397822
2024-01-23-izmir-buca,5.740501419635034
2024-01-24-izmir-buca,5.758782174771431
2024-01-25-izmir-buca,5.719621099257365
2024-01-26-izmir-buca,5.804148243416207
2024-01-27-izmir-buca,5.889893677230255
2024-01-28-izmir-buca,5.785041091711232
2024-01-29-izmir-buca,5.835426287678294
2024-01-30-izmir-buca,5.895330648420421
2024-01-31-izmir-buca,5.898406237536021
2024-01-04-izmir-cesme,10.11394329126422
2024-01-05-izmir-cesme,10.379145879826897
2024-01-06-izmir-cesme,10.033113546070819
2024-01-07-izmir-cesme,9.907458154580837
2024-01-08-izmir-cesme,10.496859442660547
2024-01-09-izmir-cesme,10.17004317348746
2024-01-10-izmir-cesme,9.91039974711763
2024-01-11-izmir-cesme,9.938568287907065
2024-01-12-izmir-cesme,10.331727748388065
2024-01-13-izmir-cesme,9.490190889439775
2024-01-14-izmir-cesme,10.167659580776897
2024-01-15-izmir-cesme,10.524789236939899
2024-01-16-izmir-cesme,9.97861864947518
2024-01-17-izmir-cesme,10.203997707995105
2024-01-18-izmir-cesme,10.041091815872713
2024-01-19-izmir-cesme,9.817782168897146
2024-01-20-izmir-cesme,9.931197610722325
2024-01-21-izmir-cesme,10.134104112294292
2024-01-22-izmir-cesme,10.126209598685394
2024-01-23-izmir-cesme,10.164481254794094
2024-01-24-izmir-cesme,9.898454761457284
2024-01-25-izmir-cesme,10.41043514803135
2024-01-26-izmir-cesme,10.342842110834516
2024-01-27-izmir-cesme,10.26233322304267
2024-01-28-izmir-cesme,10.296729133409478
2024-01-29-izmir-cesme,9.480099000258566
2024-01-30-izmir-cesme,9.624723535744137
2024-01-31-izmir-cesme,9.94782399569502
2024-01-04-izmir-cigli,4.12319378569653
2024-01-05-izmir-cigli,3.66657943468037
2024-01-06-izmir-cigli,3.6063724706964444
2024-01-07-izmir-cigli,3.4773087752304734
2024-01-08-izmir-cigli,4.160850626729424
2024-01-09-izmir-cigli,3.290934307490975
2024-01-10-izmir-cigli,3.39230358780803
2024-01-11-izmir-cigli,3.9623168218932205
2024-01-12-izmir-cigli,3.1889462301595906
2024-01-13-izmir-cigli,3.2972308680937656
2024-01-14-izmir-cigli,3.1651920183423727
2024-01-15-izmir-cigli,3.4696115360709996
2024-01-16-izmir-cigli,4.259755597947756
2024-01-17-izmir-cigli,3.3914637946152424
2024-01-18-izmir-cigli,4.085520577977441
2024-01-19-izmir-cigli,4.059173630625648
2024-01-20-izmir-cigli,3.5920704984114677
2024-01-21-izmir-cigli,3.4028362326191512
2024-01-22-izmir-cigli,3.948207970529218
2024-01-23-izmir-cigli,3.7512676892821863
2024-01-24-izmir-cigli,3.179643747820311
2024-01-25-izmir-cigli,3.258308298811536
2024-01-26-izmir-cigli,3.3616603616083567
2024-01-27-izmir-cigli,3.3741061397597347
2024-01-28-izmir-cigli,3.333896480593227
2024-01-29-izmir-cigli,4.2043016063408825
2024-01-30-izmir-cigli,4.018452190826569
2024-01-31-izmir-cigli,3.3526479497587096
2024-01-04-izmir-dikili,4.387300628012009
2024-01-05-izmir-dikili,4.452148235678269
2024-01-06-izmir-dikili,4.16518799206448
2024-01-07-izmir-dikili,4.242348916892447
2024-01-08-izmir-dikili,4.206265592546405
2024-01-09-izmir-dikili,4.25462789880522
2024-01-10-izmir-dikili,3.9876262594887337
2024-01-11-izmir-dikili,4.15215905196457
2024-01-12-izmir-dikili,4.411578680069829
2024-01-13-izmir-dikili,4.359355331980214
2024-01-14-izmir-dikili,4.194166457299198
2024-01-15-izmir-dikili,4.165927564953788
2024-01-16-izmir-dikili,4.256086738570503
2024-01-17-izmir-dikili,4.394821430256052
2024-01-18-izmir-dikili,4.204199766225803
2024-01-19-izmir-dikili,4.219321554373819
2024-01-20-izmir-dikili,4.308166000622809
2024-01-21-izmir-dikili,4.157762714335433
2024-01-22-izmir-dikili,4.277466379150509
2024-01-23-izmir-dikili,4.482392048177247
2024-01-24-izmir-dikili,4.394560220913204
2024-01-25-izmir-dikili,4.166931101665686
2024-01-26-izmir-dikili,4.194546155149652
2024-01-27-izmir-dikili,4.151071902254242
2024-01-28-izmir-dikili,4.170466594025224
2024-01-29-izmir-dikili,4.1572433242254725
2024-01-30-izmir-dikili,4.179108707132821
2024-01-31-izmir-dikili,4.126257623676344
2024-01-04-izmir-foca,3.945955671118169
2024-01-05-izmir-foca,4.299316898194982
2024-01-06-izmir-foca,3.94386938167072
2024-01-07-izmir-foca,4.046175061818178
2024-01-08-izmir-foca,4.0825962925474695
2024-01-09-izmir-foca,4.138879581567766
2024-01-10-izmir-foca,4.123498358354005
2024-01-11-izmir-foca,4.2051662270894
2024-01-12-izmir-foca,3.9979055732185835
2024-01-13-izmir-foca,4.163955588940408
2024-01-14-izmir-foca,4.068106311551784
2024-01-15-izmir-foca,4.1437879787621705
2024-01-16-izmir-foca,3.944329953578361
2024-01-17-izmir-foca,4.467403394122314
2024-01-18-izmir-foca,3.928000410059421
2024-01-19-izmir-foca,4.440805386152009
2024-01-20-izmir-foca,3.9542411510972855
2024-01-21-izmir-foca,4.458637840450697
2024-01-22-izmir-foca,4.511377582585803
2024-01-23-izmir-foca,4.182702856344273
2024-01-24-izmir-foca,4.168095628219232
2024-01-25-izmir-foca,3.978745562244934
2024-01-26-izmir-foca,4.0112899908387805
2024-01-27-izmir-foca,4.008285524233788
2024-01-28-izmir-foca,4.123406959734992
2024-01-29-izmir-foca,4.2160911370613965
2024-01-30-izmir-foca,4.196317204635847
2024-01-31-izmir-foca,4.183470924049635
2024-01-04-izmir-gaziemir,1.5458398385886187
2024-01-05-izmir-gaziemir,1.3941298969815432
2024-01-06-izmir-gaziemir,1.3166669761644028
2024-01-07-izmir-gaziemir,1.288450576211161
2024-01-08-izmir-gaziemir,1.358987872554364
2024-01-09-izmir-gaziemir,1.4100381753339442
2024-01-10-izmir-gaziemir,2.0618769547818143
2024-01-11-izmir-gaziemir,1.3463605106731324
2024-01-12-izmir-gaziemir,1.3223281566112568
2024-01-13-izmir-gaziemir,1.3064616416338026
2024-01-14-izmir-gaziemir,1.4718222994055505
2024-01-15-izmir-gaziemir,1.2170038961595888
2024-01-16-izmir-gaziemir,1.497645450533633
2024-01-17-izmir-gaziemir,1.4569348052781077
2024-01-18-izmir-gaziemir,1.7905507350154166
2024-01-19-izmir-gaziemir,1.8060035171100353
2024-01-20-izmir-gaziemir,1.295354451900314
2024-01-21-izmir-gaziemir,1.193823047949976
2024-01-22-izmir-gaziemir,1.4534988246648126
2024-01-23-izmir-gaziemir,1.4343020926072527
2024-01-24-izmir-gaziemir,1.351979913504676
2024-01-25-izmir-gaziemir,1.625194723587024
2024-01-26-izmir-gaziemir,1.4880276079839425
2024-01-27-izmir-gaziemir,1.6391226362253382
2024-01-28-izmir-gaziemir,1.3793474862471224
2024-01-29-izmir-gaziemir,1.2971738775977242
2024-01-30-izmir-gaziemir,1.2634005178499677
2024-01-31-izmir-gaziemir,1.299195384472085
2024-01-04-izmir-guzelbahce,1.1967834297672872
2024-01-05-izmir-guzelbahce,1.1804330625881292
2024-01-06-izmir-guzelbahce,1.1554312610611983
2024-01-07-izmir-guzelbahce,1.1616834666231186
2024-01-08-izmir-guzelbahce,1.2955328397556831
2024-01-09-izmir-guzelbahce,1.291658448539115
2024-01-10-izmir-guzelbahce,1.3471809199199871
2024-01-11-izmir-guzelbahce,1.460954578187012
2024-01-12-izmir-guzelbahce,1.2894326170465675
2024-01-13-izmir-guzelbahce,2.260337441890811
2024-01-14-izmir-guzelbahce,1.181004527029768
2024-01-15-izmir-guzelbahce,1.3336791886356618
2024-01-16-izmir-guzelbahce,1.2824757022133508
2024-01-17-izmir-guzelbahce,1.1998465886698935
2024-01-18-izmir-guzelbahce,1.1189538714055824
2024-01-19-izmir-guzelbahce,1.0863214754046369
2024-01-20-izmir-guzelbahce,1.1463024410586438
2024-01-21-izmir-guzelbahce,1.276598928751954
2024-01-22-izmir-guzelbahce,1.9122033338053162
2024-01-23-izmir-guzelbahce,1.8004640332336037
2024-01-24-izmir-guzelbahce,1.8200112993548945
2024-01-25-izmir-guzelbahce,1.2417945510422594
2024-01-26-izmir-guzelbahce,1.2291814647474308
2024-01-27-izmir-guzelbahce,1.1870541626170161
2024-01-28-izmir-guzelbahce,1.2624442276215357
2024-01-29-izmir-guzelbahce,1.738440811233195
2024-01-30-izmir-guzelbahce,1.570780639275241
2024-01-31-izmir-guzelbahce,1.7747234541818613
2024-01-04-izmir-karabaglar,4.814214092324876
2024-01-05-izmir-karabaglar,4.935713266636345
2024-01-06-izmir-karabaglar,4.990614336076544
2024-01-07-izmir-karabaglar,4.960284497207984
2024-01-08-izmir-karabaglar,4.9614568986151095
2024-01-09-izmir-karabaglar,4.873094785418667
2024-01-10-izmir-karabaglar,4.955978813642988
2024-01-11-izmir-karabaglar,4.885551626800409
2024-01-12-izmir-karabaglar,4.961968083234237
2024-01-13-izmir-karabaglar,5.030080165123956
2024-01-14-izmir-karabaglar,4.904195664102895
2024-01-15-izmir-karabaglar,4.878271079417351
2024-01-16-izmir-karabaglar,4.924968122520827
2024-01-17-izmir-karabaglar,4.942361819070318
2024-01-18-izmir-karabaglar,5.100908294982235
2024-01-19-izmir-karabaglar,5.0822621134730115
2024-01-20-izmir-karabaglar,5.0489672439368665
2024-01-21-izmir-karabaglar,4.884097275552217
2024-01-22-izmir-karabaglar,4.966507661939993
2024-01-23-izmir-karabaglar,4.909854809068812
2024-01-24-izmir-karabaglar,4.915862970678991
2024-01-25-izmir-karabaglar,4.831038570050674
2024-01-26-izmir-karabaglar,4.936432277609357
2024-01-27-izmir-karabaglar,4.983686030789925
2024-01-28-izmir-karabaglar,4.971254774172428
2024-01-29-izmir-karabaglar,5.096137206655394
2024-01-30-izmir-karabaglar,5.064037458753172
2024-01-31-izmir-karabaglar,5.001907985400811
2024-01-04-izmir-karaburun,2.7501882036581633
2024-01-05-izmir-karaburun,2.7663757572590955
2024-01-06-izmir-karaburun,2.8442046385059796
2024-01-07-izmir-karaburun,2.890333376863465
2024-01-08-izmir-karaburun,2.9555324624513073
2024-01-09-izmir-karaburun,2.883231422778026
2024-01-10-izmir-karaburun,2.7677898061101884
2024-01-11-izmir-karaburun,2.8025839896733356
2024-01-12-izmir-karaburun,2.711166064638675
2024-01-13-izmir-karaburun,2.89953874214068
2024-01-14-izmir-karaburun,2.672791468910316
2024-01-15-izmir-karaburun,2.8897151817975817
2024-01-16-izmir-karaburun,2.8420264228783494
2024-01-17-izmir-karaburun,2.6013924267349435
2024-01-18-izmir-karaburun,2.887261732111377
2024-01-19-izmir-karaburun,3.0660562921428465
2024-01-20-izmir-karaburun,2.7223136746973573
2024-01-21-izmir-karaburun,2.860371484794706
2024-01-22-izmir-karaburun,2.6647854634330916
2024-01-23-izmir-karaburun,2.8384958823949464
2024-01-24-izmir-karaburun,2.3916825334760587
2024-01-25-izmir-karaburun,2.666747625934712
2024-01-26-izmir-karaburun,2.958083909366768
2024-01-27-izmir-karaburun,2.536976033108787
2024-01-28-izmir-karaburun,2.520655451806876
2024-01-29-izmir-karaburun,2.741254943028731
2024-01-30-izmir-karaburun,2.7315836979263284
2024-01-31-izmir-karaburun,2.7893584081802674
2024-01-04-izmir-karsiyaka,5.435583335935945
2024-01-05-izmir-karsiyaka,5.3628174869524345
2024-01-06-izmir-karsiyaka,5.431617592274257
2024-01-07-izmir-karsiyaka,5.428495849064653
2024-01-08-izmir-karsiyaka,5.377102977052146
2024-01-09-izmir-karsiyaka,5.359564126058472
2024-01-10-izmir-karsiyaka,5.367310528750472
2024-01-11-izmir-karsiyaka,5.290683565240486
2024-01-12-izmir-karsiyaka,5.359414109473375
2024-01-13-izmir-karsiyaka,5.345966422261696
2024-01-14-izmir-karsiyaka,5.332578206850543
2024-01-15-izmir-karsiyaka,5.370515503244823
2024-01-16-izmir-karsiyaka,5.427308855484052
2024-01-17-izmir-karsiyaka,5.373278387735114
2024-01-18-izmir-karsiyaka,5.527363948244738
2024-01-19-izmir-karsiyaka,5.463726110028643
2024-01-20-izmir-karsiyaka,5.406729732041503
2024-01-21-izmir-karsiyaka,5.307742509779717
2024-01-22-izmir-karsiyaka,5.423731343573275
2024-01-23-izmir-karsiyaka,5.320745096822507
2024-01-24-izmir-karsiyaka,5.331006814162764
2024-01-25-izmir-karsiyaka,5.334668834810319
2024-01-26-izmir-karsiyaka,5.308458979339734
2024-01-27-izmir-karsiyaka,5.318443662628464
2024-01-28-izmir-karsiyaka,5.258937277387852
2024-01-29-izmir-karsiyaka,5.366179317257116
2024-01-30-izmir-karsiyaka,5.425722297873249
2024-01-31-izmir-karsiyaka,5.34559016280588
2024-01-04-izmir-kemalpasa,5.096619851385998
2024-01-05-izmir-kemalpasa,5.043729070649123
2024-01-06-izmir-kemalpasa,4.953831308412549
2024-01-07-izmir-kemalpasa,5.067087135311871
2024-01-08-izmir-kemalpasa,4.8904315663050735
2024-01-09-izmir-kemalpasa,4.957392936414363
2024-01-10-izmir-kemalpasa,5.076618666866952
2024-01-11-izmir-kemalpasa,5.060972736035035
2024-01-12-izmir-kemalpasa,5.0651488943020295
2024-01-13-izmir-kemalpasa,4.87750387109827
2024-01-14-izmir-kemalpasa,5.019119349640874
2024-01-15-izmir-kemalpasa,4.937718178376706
2024-01-16-izmir-kemalpasa,4.95545224398114
2024-01-17-izmir-kemalpasa,5.0636308888153465
2024-01-18-izmir-kemalpasa,4.935759664474707
2024-01-19-izmir-kemalpasa,5.033889336804858
2024-01-20-izmir-kemalpasa,5.0775859624294
2024-01-21-izmir-kemalpasa,5.076383567826598
2024-01-22-izmir-kemalpasa,5.067121696321189
2024-01-23-izmir-kemalpasa,5.028237675968471
2024-01-24-izmir-kemalpasa,5.000414065117472
2024-01-25-izmir-kemalpasa,4.974941105627737
2024-01-26-izmir-kemalpasa,4.99196966516625
2024-01-27-izmir-kemalpasa,4.946703719766113
2024-01-28-izmir-kemalpasa,5.073618242335588
2024-01-29-izmir-kemalpasa,5.026233863656557
2024-01-30-izmir-kemalpasa,4.978981386273403
2024-01-31-izmir-kemalpasa,5.039612101931859
2024-01-04-izmir-kinik,1.6174870163402595
2024-01-05-izmir-kinik,1.6748786896078762
2024-01-06-izmir-kinik,1.6173135335724518
2024-01-07-izmir-kinik,1.993169500388665
2024-01-08-izmir-kinik,2.0356553369506596
2024-01-09-izmir-kinik,1.6089411000504044
2024-01-10-izmir-kinik,2.076759130689799
2024-01-11-izmir-kinik,2.0961621699942454
2024-01-12-izmir-kinik,2.0185710420281793
2024-01-13-izmir-kinik,1.531794441903315
2024-01-14-izmir-kinik,1.5437627021228957
2024-01-15-izmir-kinik,2.055071430598389
2024-01-16-izmir-kinik,1.6965728017538626
2024-01-17-izmir-kinik,1.5833139000810943
2024-01-18-izmir-kinik,2.1927489713327657
2024-01-19-izmir-kinik,2.100955411393091
2024-01-20-izmir-kinik,1.6086033531092059
2024-01-21-izmir-kinik,1.63176811147382
2024-01-22-izmir-kinik,1.621504350997678
2024-01-23-izmir-kinik,1.6762144021787322
2024-01-24-izmir-kinik,1.612448352781297
2024-01-25-izmir-kinik,1.9990522993437039
2024-01-26-izmir-kinik,1.5870415772667346
2024-01-27-izmir-kinik,2.0056453655212687
2024-01-28-izmir-kinik,1.597920912973629
2024-01-29-izmir-kinik,1.6723954876055906
2024-01-30-izmir-kinik,1.6537616911449509
2024-01-31-izmir-kinik,1.612448352781297
2024-01-04-izmir-kiraz,5.495413455613913
2024-01-05-izmir-kiraz,5.408288042204788
2024-01-06-izmir-kiraz,5.447097510955439
2024-01-07-izmir-kiraz,5.404923957498551
2024-01-08-izmir-kiraz,5.360746731714332
2024-01-09-izmir-kiraz,5.381034713749031
2024-01-10-izmir-kiraz,5.483482044221593
2024-01-11-izmir-kiraz,5.436086894004225
2024-01-12-izmir-kiraz,5.434609341894141
2024-01-13-izmir-kiraz,5.466653675770833
2024-01-14-izmir-kiraz,5.468979757859072
2024-01-15-izmir-kiraz,5.4461592416260105
2024-01-16-izmir-kiraz,5.227903906802403
2024-01-17-izmir-kiraz,5.405037874219805
2024-01-18-izmir-kiraz,5.412460354245065
2024-01-19-izmir-kiraz,5.368656436512669
2024-01-20-izmir-kiraz,5.42088070984315
2024-01-21-izmir-kiraz,5.415502331663673
2024-01-22-izmir-kiraz,5.461224926646376
2024-01-23-izmir-kiraz,5.405684519791793
2024-01-24-izmir-kiraz,5.487918923423186
2024-01-25-izmir-kiraz,5.419227646667492
2024-01-26-izmir-kiraz,5.459270022935448
2024-01-27-izmir-kiraz,5.417268684949672
2024-01-28-izmir-kiraz,5.378688347643456
2024-01-29-izmir-kiraz,5.3987271869931215
2024-01-30-izmir-kiraz,5.4711292888834535
2024-01-31-izmir-kiraz,5.4690201033725145
2024-01-04-izmir-konak,5.79680705652587
2024-01-05-izmir-konak,5.92671996093568
2024-01-06-izmir-konak,6.065207951020173
2024-01-07-izmir-konak,5.825069103590716
2024-01-08-izmir-konak,5.863547000685068
2024-01-09-izmir-konak,6.003887472252861
2024-01-10-izmir-konak,6.037460186691107
2024-01-11-izmir-konak,5.81709470035547
2024-01-12-izmir-konak,6.015238274055433
2024-01-13-izmir-konak,6.0081736328707205
2024-01-14-izmir-konak,5.767901709124283
2024-01-15-izmir-konak,5.855287029812838
2024-01-16-izmir-konak,6.035641995079981
2024-01-17-izmir-konak,5.908146973028123
2024-01-18-izmir-konak,6.081819275909313
2024-01-19-izmir-konak,6.678013786896161
2024-01-20-izmir-konak,7.039320121074776
2024-01-21-izmir-konak,5.9759270400169076
2024-01-22-izmir-konak,5.892094290042822
2024-01-23-izmir-konak,5.898820363465667
2024-01-24-izmir-konak,5.861470184887978
2024-01-25-izmir-konak,5.924339378990174
2024-01-26-izmir-konak,5.955814870460407
2024-01-27-izmir-konak,5.924974625098787
2024-01-28-izmir-konak,5.956686741634739
2024-01-29-izmir-konak,5.875316606997859
2024-01-30-izmir-konak,6.023205321309443
2024-01-31-izmir-konak,5.819116323556847
2024-01-04-izmir-menderes,7.25561249608144
2024-01-05-izmir-menderes,7.255772702612326
2024-01-06-izmir-menderes,7.115029582281389
2024-01-07-izmir-menderes,7.143505688712
2024-01-08-izmir-menderes,7.2151226595605
2024-01-09-izmir-menderes,6.874668822544919
2024-01-10-izmir-menderes,6.611755395347226
2024-01-11-izmir-menderes,6.601780566102415
2024-01-12-izmir-menderes,6.66404786617438
2024-01-13-izmir-menderes,6.707438310144047
2024-01-14-izmir-menderes,6.602396630106905
2024-01-15-izmir-menderes,6.829816473813381
2024-01-16-izmir-menderes,7.079368369697218
2024-01-17-izmir-menderes,6.859610926302584
2024-01-18-izmir-menderes,7.124646892527556
2024-01-19-izmir-menderes,7.159301581900202
2024-01-20-izmir-menderes,7.040359734352826
2024-01-21-izmir-menderes,6.560740271557719
2024-01-22-izmir-menderes,6.7686310350137004
2024-01-23-izmir-menderes,6.690027733704032
2024-01-24-izmir-menderes,6.585964227570796
2024-01-25-izmir-menderes,6.456553135114696
2024-01-26-izmir-menderes,6.591299980460867
2024-01-27-izmir-menderes,6.675158219953869
2024-01-28-izmir-menderes,6.559778495037245
2024-01-29-izmir-menderes,6.994455619736487
2024-01-30-izmir-menderes,7.024978235237991
2024-01-31-izmir-menderes,6.63621869011542
2024-01-04-izmir-menemen,6.268328530648008
2024-01-05-izmir-menemen,6.1959905545764125
2024-01-06-izmir-menemen,6.26114022090262
2024-01-07-izmir-menemen,6.024175890909111
2024-01-08-izmir-menemen,6.063201380771218
2024-01-09-izmir-menemen,6.028436676166235
2024-01-10-izmir-menemen,5.903644135442308
2024-01-11-izmir-menemen,6.284647608232888
2024-01-12-izmir-menemen,6.277435515879624
2024-01-13-izmir-menemen,6.4660444583973575
2024-01-14-izmir-menemen,6.393666019377193
2024-01-15-izmir-menemen,6.044703518595909
2024-01-16-izmir-menemen,6.271580471963754
2024-01-17-izmir-menemen,6.081024761825034
2024-01-18-izmir-menemen,6.035790589690082
2024-01-19-izmir-menemen,6.098743889822235
2024-01-20-izmir-menemen,6.2199463682423985
2024-01-21-izmir-menemen,5.886817858205445
2024-01-22-izmir-menemen,5.997434071422125
2024-01-23-izmir-menemen,6.365099811438194
2024-01-24-izmir-menemen,6.18491151548667
2024-01-25-izmir-menemen,6.058484234350366
2024-01-26-izmir-menemen,6.080892851784855
2024-01-27-izmir-menemen,5.959069620401288
2024-01-28-izmir-menemen,6.051940087338264
2024-01-29-izmir-menemen,6.306592426532864
2024-01-30-izmir-menemen,6.026518570775922
2024-01-31-izmir-menemen,6.258624181587064
2024-01-04-izmir-narlidere,1.0244437254191898
2024-01-05-izmir-narlidere,1.0739585231887072
2024-01-06-izmir-narlidere,1.415605283032188
2024-01-07-izmir-narlidere,1.0712488557030908
2024-01-08-izmir-narlidere,1.553537579105133
2024-01-09-izmir-narlidere,0.9818165853513381
2024-01-10-izmir-narlidere,0.969289436885741
2024-01-11-izmir-narlidere,1.4713801783429363
2024-01-12-izmir-narlidere,1.0379507244606274
2024-01-13-izmir-narlidere,1.1145403646469991
2024-01-14-izmir-narlidere,1.4216715815163858
2024-01-15-izmir-narlidere,1.0256633902040426
2024-01-16-izmir-narlidere,1.041605084067325
2024-01-17-izmir-narlidere,1.0146269788654574
2024-01-18-izmir-narlidere,1.0202779603948609
2024-01-19-izmir-narlidere,1.0287823295563785
2024-01-20-izmir-narlidere,1.0408003004467452
2024-01-21-izmir-narlidere,1.0983987760645684
2024-01-22-izmir-narlidere,1.0954121748566021
2024-01-23-izmir-narlidere,1.147271519351855
2024-01-24-izmir-narlidere,1.1671408449805598
2024-01-25-izmir-narlidere,1.0864651178127165
2024-01-26-izmir-narlidere,1.5535167785546153
2024-01-27-izmir-narlidere,1.1137797732652228
2024-01-28-izmir-narlidere,0.9967506401067373
2024-01-29-izmir-narlidere,1.3300474193848664
2024-01-30-izmir-narlidere,1.0184566813082052
2024-01-31-izmir-narlidere,1.2762168678599197
2024-01-04-izmir-odemis,7.12530709114346
2024-01-05-izmir-odemis,7.179360039560739
2024-01-06-izmir-odemis,7.224131778295986
2024-01-07-izmir-odemis,6.747628989134343
2024-01-08-izmir-odemis,7.06210241619033
2024-01-09-izmir-odemis,7.000030182724383
2024-01-10-izmir-odemis,7.075421201721715
2024-01-11-izmir-odemis,7.150213438437257
2024-01-12-izmir-odemis,7.049753690712967
2024-01-13-izmir-odemis,7.373110085620409
2024-01-14-izmir-odemis,7.1354945828850616
2024-01-15-izmir-odemis,6.963822937875055
2024-01-16-izmir-odemis,7.005870454048501
2024-01-17-izmir-odemis,7.159958461339691
2024-01-18-izmir-odemis,7.060453128231238
2024-01-19-izmir-odemis,7.196121950578356
2024-01-20-izmir-odemis,7.143092951728548
2024-01-21-izmir-odemis,6.8448724378933665
2024-01-22-izmir-odemis,7.085475238931338
2024-01-23-izmir-odemis,7.2103467748729715
2024-01-24-izmir-odemis,7.115854919807253
2024-01-25-izmir-odemis,7.077295228554549
2024-01-26-izmir-odemis,7.058034640371221
2024-01-27-izmir-odemis,6.957727340495367
2024-01-28-izmir-odemis,6.9438067201813
2024-01-29-izmir-odemis,7.210343617390703
2024-01-30-izmir-odemis,7.075483881555013
2024-01-31-izmir-odemis,7.053437953135726
2024-01-04-izmir-seferihisar,4.791798541030454
2024-01-05-izmir-seferihisar,4.78702401964155
2024-01-06-izmir-seferihisar,4.806928530769534
2024-01-07-izmir-seferihisar,4.8973546024677175
2024-01-08-izmir-seferihisar,4.892499359250136
2024-01-09-izmir-seferihisar,4.745491424474538
2024-01-10-izmir-seferihisar,5.021841202331462
2024-01-11-izmir-seferihisar,4.925110855791026
2024-01-12-izmir-seferihisar,4.908560978483846
2024-01-13-izmir-seferihisar,5.000898603498305
2024-01-14-izmir-seferihisar,4.827161097660413
2024-01-15-izmir-seferihisar,4.851815412871691
2024-01-16-izmir-seferihisar,4.83787100377571
2024-01-17-izmir-seferihisar,4.817410659179783
2024-01-18-izmir-seferihisar,4.867890480242034
2024-01-19-izmir-seferihisar,4.8166084664125846
2024-01-20-izmir-seferihisar,4.856362160964936
2024-01-21-izmir-seferihisar,5.016387090035498
2024-01-22-izmir-seferihisar,5.0389367343065
2024-01-23-izmir-seferihisar,4.954951931525984
2024-01-24-izmir-seferihisar,4.991021549188831
2024-01-25-izmir-seferihisar,4.873202539550066
2024-01-26-izmir-seferihisar,4.891943427694089
2024-01-27-izmir-seferihisar,4.789031496721222
2024-01-28-izmir-seferihisar,4.929746121070113
2024-01-29-izmir-seferihisar,4.971858110721938
2024-01-30-izmir-seferihisar,5.019956235414294
2024-01-31-izmir-seferihisar,5.022983651265735
2024-01-04-izmir-selcuk,3.082617022685043
2024-01-05-izmir-selcuk,3.3005633687969604
2024-01-06-izmir-selcuk,3.311188662876405
2024-01-07-izmir-selcuk,3.5235463380079652
2024-01-08-izmir-selcuk,3.580469713373332
2024-01-09-izmir-selcuk,2.8452462322882583
2024-01-10-izmir-selcuk,3.402662842046934
2024-01-11-izmir-selcuk,3.483741579047235
2024-01-12-izmir-selcuk,3.160466320487252
2024-01-13-izmir-selcuk,2.978616563920741
2024-01-14-izmir-selcuk,3.1354843549524603
2024-01-15-izmir-selcuk,3.261249663630994
2024-01-16-izmir-selcuk,3.184975003770578
2024-01-17-izmir-selcuk,2.9994210744352383
2024-01-18-izmir-selcuk,3.4428979935031863
2024-01-19-izmir-selcuk,3.425630126491842
2024-01-20-izmir-selcuk,3.2553358644985906
2024-01-21-izmir-selcuk,3.1849491024523533
2024-01-22-izmir-selcuk,3.343085445924973
2024-01-23-izmir-selcuk,3.244923804916632
2024-01-24-izmir-selcuk,3.4161480281711447
2024-01-25-izmir-selcuk,3.0132890521824396
2024-01-26-izmir-selcuk,2.996198020804835
2024-01-27-izmir-selcuk,2.996124961899736
2024-01-28-izmir-selcuk,3.239361031463505
2024-01-29-izmir-selcuk,3.419869229881234
2024-01-30-izmir-selcuk,3.250562440544665
2024-01-31-izmir-selcuk,3.148303143720318
2024-01-04-izmir-tire,4.639408151840495
2024-01-05-izmir-tire,4.729289761944808
2024-01-06-izmir-tire,4.811197305273596
2024-01-07-izmir-tire,4.755078401963918
2024-01-08-izmir-tire,4.739729389700903
2024-01-09-izmir-tire,4.464545692829845
2024-01-10-izmir-tire,4.961320156041361
2024-01-11-izmir-tire,4.8097885129502576
2024-01-12-izmir-tire,4.929125781584585
2024-01-13-izmir-tire,4.877634031973936
2024-01-14-izmir-tire,4.838638371847299
2024-01-15-izmir-tire,4.864232914454577
2024-01-16-izmir-tire,4.606507027228527
2024-01-17-izmir-tire,4.850209829494892
2024-01-18-izmir-tire,4.692344984895926
2024-01-19-izmir-tire,4.753450832659429
2024-01-20-izmir-tire,4.641504963467679
2024-01-21-izmir-tire,4.917013601579147
2024-01-22-izmir-tire,4.862886023724883
2024-01-23-izmir-tire,4.969172628415167
2024-01-24-izmir-tire,4.968815999962669
2024-01-25-izmir-tire,4.956159723088065
2024-01-26-izmir-tire,4.945988292656861
2024-01-27-izmir-tire,4.8381397134608966
2024-01-28-izmir-tire,4.985943995172696
2024-01-29-izmir-tire,4.872467449702056
2024-01-30-izmir-tire,4.816871930849042
2024-01-31-izmir-tire,4.927564971130729
2024-01-04-izmir-torbali,5.912715046249484
2024-01-05-izmir-torbali,5.88843479819116
2024-01-06-izmir-torbali,5.924640634340419
2024-01-07-izmir-torbali,6.072157008476451
2024-01-08-izmir-torbali,6.0679070880326815
2024-01-09-izmir-torbali,5.98644670587889
2024-01-10-izmir-torbali,6.179918438946535
2024-01-11-izmir-torbali,5.798681932163382
2024-01-12-izmir-torbali,6.0293939935508565
2024-01-13-izmir-torbali,5.88731886177163
2024-01-14-izmir-torbali,5.899452660678557
2024-01-15-izmir-torbali,5.991698599089957
2024-01-16-izmir-torbali,6.050929734765871
2024-01-17-izmir-torbali,5.845039685515702
2024-01-18-izmir-torbali,5.921748188143222
2024-01-19-izmir-torbali,5.919142162147575
2024-01-20-izmir-torbali,5.956864473440389
2024-01-21-izmir-torbali,6.123661089854169
2024-01-22-izmir-torbali,6.058781450133014
2024-01-23-izmir-torbali,6.03682038320376
2024-01-24-izmir-torbali,6.091217765033788
2024-01-25-izmir-torbali,6.020535126197344
2024-01-26-izmir-torbali,6.042163162316063
2024-01-27-izmir-torbali,6.020802779736603
2024-01-28-izmir-torbali,5.89078526156308
2024-01-29-izmir-torbali,6.030855901579214
2024-01-30-izmir-torbali,5.934991441794518
2024-01-31-izmir-torbali,5.932530239116375
2024-01-04-izmir-urla,5.98150930169375
2024-01-05-izmir-urla,5.915729298964413
2024-01-06-izmir-urla,5.905181608627298
2024-01-07-izmir-urla,5.927575910769824
2024-01-08-izmir-urla,6.084767707723793
2024-01-09-izmir-urla,5.924073678083362
2024-01-10-izmir-urla,6.75895508716321
2024-01-11-izmir-urla,6.681935606120615
2024-01-12-izmir-urla,6.705574147384548
2024-01-13-izmir-urla,6.66394359678268
2024-01-14-izmir-urla,6.522766123869486
2024-01-15-izmir-urla,5.9287470985099535
2024-01-16-izmir-urla,5.948371622358625
2024-01-17-izmir-urla,5.947195980988392
2024-01-18-izmir-urla,5.896430128614265
2024-01-19-izmir-urla,5.984267317520585
2024-01-20-izmir-urla,6.047005071892053
2024-01-21-izmir-urla,6.7730159477516025
2024-01-22-izmir-urla,6.644726804321574
2024-01-23-izmir-urla,6.58885303730616
2024-01-24-izmir-urla,6.602218166010603
2024-01-25-izmir-urla,6.680273160276407
2024-01-26-izmir-urla,6.625597795540328
2024-01-27-izmir-urla,6.605492568864809
2024-01-28-izmir-urla,6.694864491859019
2024-01-29-izmir-urla,6.782969853234944
2024-01-30-izmir-urla,6.819231117677999
2024-01-31-izmir-urla,6.687996483089845
2024-01-04-manisa-ahmetli,1.1564885356425298
2024-01-05-manisa-ahmetli,0.6181685221510372
2024-01-06-manisa-ahmetli,0.8744053530075963
2024-01-07-manisa-ahmetli,0.7431272172178907
2024-01-08-manisa-ahmetli,0.7466031754868702
2024-01-09-manisa-ahmetli,0.5556735465961553
2024-01-10-manisa-ahmetli,0.8452687981827877
2024-01-11-manisa-ahmetli,1.063650179412077
2024-01-12-manisa-ahmetli,1.036752081534161
2024-01-13-manisa-ahmetli,1.1418910427307842
2024-01-14-manisa-ahmetli,1.1175646648965958
2024-01-15-manisa-ahmetli,0.8724859284266847
2024-01-16-manisa-ahmetli,0.7187246834169815
2024-01-17-manisa-ahmetli,0.6804641544985702
2024-01-18-manisa-ahmetli,0.743476418700731
2024-01-19-manisa-ahmetli,0.6995911200016759
2024-01-20-manisa-ahmetli,0.57043908453701
2024-01-21-manisa-ahmetli,0.7424873485886425
2024-01-22-manisa-ahmetli,0.8315329030699647
2024-01-23-manisa-ahmetli,1.0555240196368556
2024-01-24-manisa-ahmetli,1.2469416010922179
2024-01-25-manisa-ahmetli,0.8637701019275148
2024-01-26-manisa-ahmetli,0.9038509841885514
2024-01-27-manisa-ahmetli,0.837943459015389
2024-01-28-manisa-ahmetli,0.8913057763987711
2024-01-29-manisa-ahmetli,1.6430546000171034
2024-01-30-manisa-ahmetli,1.143967503338558
2024-01-31-manisa-ahmetli,1.2226541848175447
2024-01-04-manisa-akhisar,5.302706787624035
2024-01-05-manisa-akhisar,5.308287947304477
2024-01-06-manisa-akhisar,5.364617581907942
2024-01-07-manisa-akhisar,5.363952590576011
2024-01-08-manisa-akhisar,5.286075769356669
2024-01-09-manisa-akhisar,5.443036357174099
2024-01-10-manisa-akhisar,5.49682350478618
2024-01-11-manisa-akhisar,5.305909579977379
2024-01-12-manisa-akhisar,5.24968677411978
2024-01-13-manisa-akhisar,5.352654413514552
2024-01-14-manisa-akhisar,5.404391412263477
2024-01-15-manisa-akhisar,5.348929385798028
2024-01-16-manisa-akhisar,5.484820075962322
2024-01-17-manisa-akhisar,5.04147668575701
2024-01-18-manisa-akhisar,5.37145033098122
2024-01-19-manisa-akhisar,5.301829857065739
2024-01-20-manisa-akhisar,5.564179950699372
2024-01-21-manisa-akhisar,5.575914744939508
2024-01-22-manisa-akhisar,5.271105109119471
2024-01-23-manisa-akhisar,5.333335165918788
2024-01-24-manisa-akhisar,5.275249757211909
2024-01-25-manisa-akhisar,5.407687034841394
2024-01-26-manisa-akhisar,5.263267289629463
2024-01-27-manisa-akhisar,5.439268856881055
2024-01-28-manisa-akhisar,5.242487095763111
2024-01-29-manisa-akhisar,5.400053973608811
2024-01-30-manisa-akhisar,5.53045764392252
2024-01-31-manisa-akhisar,5.280923686024819
2024-01-04-manisa-alasehir,6.038793980296429
2024-01-05-manisa-alasehir,6.102867634063601
2024-01-06-manisa-alasehir,5.991800737885266
2024-01-07-manisa-alasehir,6.1632158178327
2024-01-08-manisa-alasehir,6.0879793755081115
2024-01-09-manisa-alasehir,5.987687546120099
2024-01-10-manisa-alasehir,6.104319292962941
2024-01-11-manisa-alasehir,6.089368241963661
2024-01-12-manisa-alasehir,6.274572372591556
2024-01-13-manisa-alasehir,6.21835932647999
2024-01-14-manisa-alasehir,6.511739630505723
2024-01-15-manisa-alasehir,6.427444661955489
2024-01-16-manisa-alasehir,6.047756683301289
2024-01-17-manisa-alasehir,6.379940887538462
2024-01-18-manisa-alasehir,6.124897227442409
2024-01-19-manisa-alasehir,6.099233374495551
2024-01-20-manisa-alasehir,5.925615105623903
2024-01-21-manisa-alasehir,5.9995428506100525
2024-01-22-manisa-alasehir,6.345740736484426
2024-01-23-manisa-alasehir,6.449217398093838
2024-01-24-manisa-alasehir,6.5855337182553315
2024-01-25-manisa-alasehir,6.461933534413158
2024-01-26-manisa-alasehir,6.340908026493324
2024-01-27-manisa-alasehir,6.421793159173862
2024-01-28-manisa-alasehir,6.278128362170157
2024-01-29-manisa-alasehir,6.057896127471713
2024-01-30-manisa-alasehir,6.330042847863081
2024-01-31-manisa-alasehir,6.507632851762951
2024-01-04-manisa-demirci,1.3556595125317432
2024-01-05-manisa-demirci,1.50606179054002
2024-01-06-manisa-demirci,1.4442576601687886
2024-01-07-manisa-demirci,1.5108372083759334
2024-01-08-manisa-demirci,1.3785161541023778
2024-01-09-manisa-demirci,1.4724760647877484
2024-01-10-manisa-demirci,1.2118424949622693
2024-01-11-manisa-demirci,1.3419952185308073
2024-01-12-manisa-demirci,1.4961737221552025
2024-01-13-manisa-demirci,1.423086107591137
2024-01-14-manisa-demirci,1.3202734849555777
2024-01-15-manisa-demirci,1.2605271468700154
2024-01-16-manisa-demirci,1.4079029447116596
2024-01-17-manisa-demirci,1.3469747440652078
2024-01-18-manisa-demirci,1.4813720636596208
2024-01-19-manisa-demirci,1.5180581691172694
2024-01-20-manisa-demirci,1.4311281641706934
2024-01-21-manisa-demirci,1.613201549245757
2024-01-22-manisa-demirci,1.4918382490947764
2024-01-23-manisa-demirci,1.541538203553936
2024-01-24-manisa-demirci,1.3152460038488811
2024-01-25-manisa-demirci,1.2393338058628767
2024-01-26-manisa-demirci,1.548498082266544
2024-01-27-manisa-demirci,1.3299508251908878
2024-01-28-manisa-demirci,1.385446820658054
2024-01-29-manisa-demirci,1.3685383572433283
2024-01-30-manisa-demirci,1.427483401863839
2024-01-31-manisa-demirci,1.360637065436859
2024-01-04-manisa-golmarmara,0.4277177325939068
2024-01-05-manisa-golmarmara,0.6744724651788332
2024-01-06-manisa-golmarmara,0.4720152218130469
2024-01-07-manisa-golmarmara,0.5196724780401254
2024-01-08-manisa-golmarmara,0.5931418094993359
2024-01-09-manisa-golmarmara,0.3180252158973865
2024-01-10-manisa-golmarmara,0.3736900808082677
2024-01-11-manisa-golmarmara,0.48368128106652686
2024-01-12-manisa-golmarmara,0.4245553535876526
2024-01-13-manisa-golmarmara,0.8341340358085372
2024-01-14-manisa-golmarmara,0.2768549257842124
2024-01-15-manisa-golmarmara,0.40024778827244456
2024-01-16-manisa-golmarmara,0.23524457437034624
2024-01-17-manisa-golmarmara,0.40368095731634546
2024-01-18-manisa-golmarmara,0.5065094956406117
2024-01-19-manisa-golmarmara,0.5158016535201994
2024-01-20-manisa-golmarmara,0.5346400872231318
2024-01-21-manisa-golmarmara,0.35930954685373623
2024-01-22-manisa-golmarmara,0.3521347111116193
2024-01-23-manisa-golmarmara,0.3172744879593069
2024-01-24-manisa-golmarmara,0.3552822354646674
2024-01-25-manisa-golmarmara,0.4387922143156623
2024-01-26-manisa-golmarmara,0.3419213522840961
2024-01-27-manisa-golmarmara,0.6026001143574576
2024-01-28-manisa-golmarmara,0.46515179997097506
2024-01-29-manisa-golmarmara,0.4969039738892874
2024-01-30-manisa-golmarmara,0.5294439442445606
2024-01-31-manisa-golmarmara,0.35718601381387044
2024-01-04-manisa-gordes,2.98244186449349
2024-01-05-manisa-gordes,3.1148428265589954
2024-01-06-manisa-gordes,3.1147967374828682
2024-01-07-manisa-gordes,3.098248712134879
2024-01-08-manisa-gordes,3.0970817012272143
2024-01-09-manisa-gordes,3.1719514587163333
2024-01-10-manisa-gordes,3.1080136876921176
2024-01-11-manisa-gordes,3.064219403250907
2024-01-12-manisa-gordes,2.9441094865904507
2024-01-13-manisa-gordes,3.090888688494281
2024-01-14-manisa-gordes,2.8513847676563553
2024-01-15-manisa-gordes,3.1021943812416115
2024-01-16-manisa-gordes,2.818494483113818
2024-01-17-manisa-gordes,3.0327080074081456
2024-01-18-manisa-gordes,3.267684259310131
2024-01-19-manisa-gordes,3.1958093691090212
2024-01-20-manisa-gordes,3.0640292737555943
2024-01-21-manisa-gordes,3.151335575689249
2024-01-22-manisa-gordes,3.0392276142563763
2024-01-23-manisa-gordes,3.0543311015740313
2024-01-24-manisa-gordes,3.1082051847954064
2024-01-25-manisa-gordes,3.0943116979811833
2024-01-26-manisa-gordes,3.032108348780092
2024-01-27-manisa-gordes,3.12193154658683
2024-01-28-manisa-gordes,3.0340524710582306
2024-01-29-manisa-gordes,3.085185941516717
2024-01-30-manisa-gordes,3.091837212123956
2024-01-31-manisa-gordes,3.051384332823249
2024-01-04-manisa-kirkagac,2.184688140661748
2024-01-05-manisa-kirkagac,2.192321267200906
2024-01-06-manisa-kirkagac,2.1615595676711443
2024-01-07-manisa-kirkagac,1.999927332892312
2024-01-08-manisa-kirkagac,2.147935494454434
2024-01-09-manisa-kirkagac,2.0521620330523893
2024-01-10-manisa-kirkagac,2.0612467857242147
2024-01-11-manisa-kirkagac,2.0624820111270963
2024-01-12-manisa-kirkagac,1.999587206937779
2024-01-13-manisa-kirkagac,1.9823844619479645
2024-01-14-manisa-kirkagac,2.132709738735434
2024-01-15-manisa-kirkagac,2.0194784626376423
2024-01-16-manisa-kirkagac,2.100276908059531
2024-01-17-manisa-kirkagac,2.26351873813939
2024-01-18-manisa-kirkagac,2.1173834272765806
2024-01-19-manisa-kirkagac,2.0162266289918858
2024-01-20-manisa-kirkagac,2.05370247756364
2024-01-21-manisa-kirkagac,2.221618563223898
2024-01-22-manisa-kirkagac,2.0783158144232945
2024-01-23-manisa-kirkagac,2.0455106627224104
2024-01-24-manisa-kirkagac,2.013606752583771
2024-01-25-manisa-kirkagac,2.3113876098219075
2024-01-26-manisa-kirkagac,2.1433548715885826
2024-01-27-manisa-kirkagac,2.4038437792225325
2024-01-28-manisa-kirkagac,2.0149772784081863
2024-01-29-manisa-kirkagac,2.0988212894572653
2024-01-30-manisa-kirkagac,2.052398026209242
2024-01-31-manisa-kirkagac,2.0432460485785504
2024-01-04-manisa-koprubasi,1.0129383131807788
2024-01-05-manisa-koprubasi,1.1954789869291547
2024-01-06-manisa-koprubasi,1.198343588995034
2024-01-07-manisa-koprubasi,0.9563873802505768
2024-01-08-manisa-koprubasi,1.0008836333829487
2024-01-09-manisa-koprubasi,1.2964039938028105
2024-01-10-manisa-koprubasi,1.2766461319838993
2024-01-11-manisa-koprubasi,1.2690588885537104
2024-01-12-manisa-koprubasi,1.366503697565665
2024-01-13-manisa-koprubasi,1.2980517407130665
2024-01-14-manisa-koprubasi,1.5782442490987951
2024-01-15-manisa-koprubasi,1.2522242283992528
2024-01-16-manisa-koprubasi,0.9464738376230063
2024-01-17-manisa-koprubasi,1.2675343678754896
2024-01-18-manisa-koprubasi,0.8741616899529905
2024-01-19-manisa-koprubasi,0.7837849951899878
2024-01-20-manisa-koprubasi,0.8734088772569066
2024-01-21-manisa-koprubasi,1.1254210688654454
2024-01-22-manisa-koprubasi,1.1204487447127238
2024-01-23-manisa-koprubasi,1.1607063145316974
2024-01-24-manisa-koprubasi,1.3772535801138974
2024-01-25-manisa-koprubasi,1.242359130166115
2024-01-26-manisa-koprubasi,1.3053543617117405
2024-01-27-manisa-koprubasi,1.17560855131202
2024-01-28-manisa-koprubasi,1.1726337010257832
2024-01-29-manisa-koprubasi,1.3505363501746386
2024-01-30-manisa-koprubasi,1.1957283262694034
2024-01-31-manisa-koprubasi,1.1315386127616798
2024-01-04-manisa-kula,4.219061806176731
2024-01-05-manisa-kula,4.225253864951322
2024-01-06-manisa-kula,4.28879358956857
2024-01-07-manisa-kula,3.6014591203697472
2024-01-08-manisa-kula,4.235700323267526
2024-01-09-manisa-kula,4.217049316266531
2024-01-10-manisa-kula,4.215658778711498
2024-01-11-manisa-kula,4.195227462966252
2024-01-12-manisa-kula,4.1729547086710115
2024-01-13-manisa-kula,3.751353160693106
2024-01-14-manisa-kula,3.5456939617162426
2024-01-15-manisa-kula,4.2045971002236096
2024-01-16-manisa-kula,4.2594024692163455
2024-01-17-manisa-kula,4.268062672278246
2024-01-18-manisa-kula,4.295278319389762
2024-01-19-manisa-kula,4.267636830212124
2024-01-20-manisa-kula,4.286420823555078
2024-01-21-manisa-kula,4.2231655391009735
2024-01-22-manisa-kula,3.6420901125543272
2024-01-23-manisa-kula,3.588199647686545
2024-01-24-manisa-kula,4.006781074062199
2024-01-25-manisa-kula,4.317759293141832
2024-01-26-manisa-kula,3.629310395725767
2024-01-27-manisa-kula,4.267979897641952
2024-01-28-manisa-kula,3.6903017161364593
2024-01-29-manisa-kula,4.129634110445638
2024-01-30-manisa-kula,4.030863605179199
2024-01-31-manisa-kula,4.101341296973301
2024-01-04-manisa-salihli,6.897170482052147
2024-01-05-manisa-salihli,7.016146112195111
2024-01-06-manisa-salihli,7.022102374426541
2024-01-07-manisa-salihli,6.922940722515532
2024-01-08-manisa-salihli,6.7115364018280985
2024-01-09-manisa-salihli,6.9785733706454
2024-01-10-manisa-salihli,6.526126510865561
2024-01-11-manisa-salihli,6.630185243866445
2024-01-12-manisa-salihli,6.920533712164162
2024-01-13-manisa-salihli,6.964272478304224
2024-01-14-manisa-salihli,6.82188704956962
2024-01-15-manisa-salihli,6.558722165598726
2024-01-16-manisa-salihli,6.769442611811885
2024-01-17-manisa-salihli,6.901775863318532
2024-01-18-manisa-salihli,6.958303096490399
2024-01-19-manisa-salihli,6.898490360706018
2024-01-20-manisa-salihli,6.9941977074995965
2024-01-21-manisa-salihli,6.5816287813462155
2024-01-22-manisa-salihli,7.221589574423517
2024-01-23-manisa-salihli,7.270068240832877
2024-01-24-manisa-salihli,7.271224112666805
2024-01-25-manisa-salihli,7.3042287563174115
2024-01-26-manisa-salihli,6.729855367285542
2024-01-27-manisa-salihli,6.808586039351423
2024-01-28-manisa-salihli,6.625763969638612
2024-01-29-manisa-salihli,6.856267873521993
2024-01-30-manisa-salihli,7.114443109889838
2024-01-31-manisa-salihli,7.357576328579408
2024-01-04-manisa-sarigol,2.8784744029865266
2024-01-05-manisa-sarigol,3.0549020737175825
2024-01-06-manisa-sarigol,3.6920068166129902
2024-01-07-manisa-sarigol,2.7487897521992535
2024-01-08-manisa-sarigol,2.7689160930444534
2024-01-09-manisa-sarigol,2.7461409673780017
2024-01-10-manisa-sarigol,2.805369479563099
2024-01-11-manisa-sarigol,3.031110478484236
2024-01-12-manisa-sarigol,3.044113893368883
2024-01-13-manisa-sarigol,3.208179832825806
2024-01-14-manisa-sarigol,3.3077927641459675
2024-01-15-manisa-sarigol,3.784480464105446
2024-01-16-manisa-sarigol,2.748514264653422
2024-01-17-manisa-sarigol,3.7099304100986514
2024-01-18-manisa-sarigol,3.679790601529258
2024-01-19-manisa-sarigol,2.753909861881411
2024-01-20-manisa-sarigol,2.7869144975813667
2024-01-21-manisa-sarigol,2.751054275597293
2024-01-22-manisa-sarigol,2.920554738828953
2024-01-23-manisa-sarigol,3.8925204398660056
2024-01-24-manisa-sarigol,3.8692300797783914
2024-01-25-manisa-sarigol,3.8797489143404436
2024-01-26-manisa-sarigol,3.0715291034674426
2024-01-27-manisa-sarigol,3.0846019033646708
2024-01-28-manisa-sarigol,3.8628476042917486
2024-01-29-manisa-sarigol,3.0461760909350497
2024-01-30-manisa-sarigol,2.89380798903155
2024-01-31-manisa-sarigol,3.0270149039498326
2024-01-04-manisa-saruhanli,3.62166280436871
2024-01-05-manisa-saruhanli,3.5936490579798788
2024-01-06-manisa-saruhanli,3.608135015933226
2024-01-07-manisa-saruhanli,3.5231551744623624
2024-01-08-manisa-saruhanli,3.5491240124183676
2024-01-09-manisa-saruhanli,3.5528141837218974
2024-01-10-manisa-saruhanli,3.5107789369695297
2024-01-11-manisa-saruhanli,3.517291868025268
2024-01-12-manisa-saruhanli,3.49286413010054
2024-01-13-manisa-saruhanli,3.524410222983841
2024-01-14-manisa-saruhanli,3.471529503668644
2024-01-15-manisa-saruhanli,3.61632490051822
2024-01-16-manisa-saruhanli,3.5190038445664333
2024-01-17-manisa-saruhanli,3.677284156384071
2024-01-18-manisa-saruhanli,3.610790639579767
2024-01-19-manisa-saruhanli,3.5860503117857583
2024-01-20-manisa-saruhanli,3.601290824226375
2024-01-21-manisa-saruhanli,3.580481829729463
2024-01-22-manisa-saruhanli,3.5432239267427383
2024-01-23-manisa-saruhanli,3.526842317108925
2024-01-24-manisa-saruhanli,3.536872597934645
2024-01-25-manisa-saruhanli,3.5698326993644756
2024-01-26-manisa-saruhanli,3.7580309170350246
2024-01-27-manisa-saruhanli,3.616448045631863
2024-01-28-manisa-saruhanli,3.8819736023996234
2024-01-29-manisa-saruhanli,3.5287004187225413
2024-01-30-manisa-saruhanli,3.578927918008658
2024-01-31-manisa-saruhanli,3.5181309303475374
2024-01-04-manisa-sehzadeler,6.062979121036715
2024-01-05-manisa-sehzadeler,6.0168525483052395
2024-01-06-manisa-sehzadeler,6.375844213954247
2024-01-07-manisa-sehzadeler,6.212084205356795
2024-01-08-manisa-sehzadeler,6.134188589764349
2024-01-09-manisa-sehzadeler,6.059630467227788
2024-01-10-manisa-sehzadeler,6.1495721544406035
2024-01-11-manisa-sehzadeler,6.054395172635109
2024-01-12-manisa-sehzadeler,6.132013435869172
2024-01-13-manisa-sehzadeler,5.90333471338338
2024-01-14-manisa-sehzadeler,5.854696257181625
2024-01-15-manisa-sehzadeler,6.116805163118774
2024-01-16-manisa-sehzadeler,6.231991523635707
2024-01-17-manisa-sehzadeler,6.030268463693707
2024-01-18-manisa-sehzadeler,6.168995055349242
2024-01-19-manisa-sehzadeler,6.110537673126395
2024-01-20-manisa-sehzadeler,6.023318925277536
2024-01-21-manisa-sehzadeler,6.032801058582114
2024-01-22-manisa-sehzadeler,6.067048602316268
2024-01-23-manisa-sehzadeler,6.065374698304334
2024-01-24-manisa-sehzadeler,6.096342218179019
2024-01-25-manisa-sehzadeler,5.9808116464393875
2024-01-26-manisa-sehzadeler,6.0087407647076265
2024-01-27-manisa-sehzadeler,6.172920774283627
2024-01-28-manisa-sehzadeler,6.090529305333412
2024-01-29-manisa-sehzadeler,6.203039233237658
2024-01-30-manisa-sehzadeler,6.160878083204901
2024-01-31-manisa-sehzadeler,6.079899076506619
2024-01-04-manisa-selendi,3.4347499127524843
2024-01-05-manisa-selendi,3.3826730941161367
2024-01-06-manisa-selendi,4.044727985111088
2024-01-07-manisa-selendi,3.8242467431271416
2024-01-08-manisa-selendi,3.4644438061564067
2024-01-09-manisa-selendi,3.5207941317496263
2024-01-10-manisa-selendi,3.544587691670859
2024-01-11-manisa-selendi,3.631129751704704
2024-01-12-manisa-selendi,3.987197005324146
2024-01-13-manisa-selendi,4.040227440580987
2024-01-14-manisa-selendi,3.9575425150708967
2024-01-15-manisa-selendi,3.6726174974627703
2024-01-16-manisa-selendi,3.536656842305246
2024-01-17-manisa-selendi,3.370675925694465
2024-01-18-manisa-selendi,3.420792726601694
2024-01-19-manisa-selendi,3.4716976097938557
2024-01-20-manisa-selendi,3.4631427759537052
2024-01-21-manisa-selendi,3.608058941104185
2024-01-22-manisa-selendi,3.774418732791399
2024-01-23-manisa-selendi,4.021747571879864
2024-01-24-manisa-selendi,3.9999189712795307
2024-01-25-manisa-selendi,3.856846725643705
2024-01-26-manisa-selendi,3.5812662383841576
2024-01-27-manisa-selendi,3.7244542857158422
2024-01-28-manisa-selendi,3.951283558806403
2024-01-29-manisa-selendi,4.059989517786628
2024-01-30-manisa-selendi,3.8819811622445166
2024-01-31-manisa-selendi,3.6764959082076216
2024-01-04-manisa-soma,4.102627638077047
2024-01-05-manisa-soma,3.9844885932102705
2024-01-06-manisa-soma,3.892626229276641
2024-01-07-manisa-soma,4.060781025999201
2024-01-08-manisa-soma,3.987414584756826
2024-01-09-manisa-soma,3.8812540269915474
2024-01-10-manisa-soma,3.8546303760295073
2024-01-11-manisa-soma,3.778874090556637
2024-01-12-manisa-soma,3.734281450333198
2024-01-13-manisa-soma,3.5224316544276717
2024-01-14-manisa-soma,3.780010674943391
2024-01-15-manisa-soma,4.2052230457807305
2024-01-16-manisa-soma,4.021427801360193
2024-01-17-manisa-soma,4.074270940086302
2024-01-18-manisa-soma,3.900974824881092
2024-01-19-manisa-soma,3.6292460883815765
2024-01-20-manisa-soma,3.881595757358311
2024-01-21-manisa-soma,3.9960086231831973
2024-01-22-manisa-soma,3.6770938407243805
2024-01-23-manisa-soma,3.631980002560064
2024-01-24-manisa-soma,3.671087225320181
2024-01-25-manisa-soma,4.3671026086545615
2024-01-26-manisa-soma,4.235539313748757
2024-01-27-manisa-soma,4.408686577199164
2024-01-28-manisa-soma,3.8246134016815825
2024-01-29-manisa-soma,3.8363616255551465
2024-01-30-manisa-soma,3.6386204878149777
2024-01-31-manisa-soma,3.7160703354171227
2024-01-04-manisa-turgutlu,5.865116779601729
2024-01-05-manisa-turgutlu,5.747161485421002
2024-01-06-manisa-turgutlu,5.737252390710975
2024-01-07-manisa-turgutlu,5.833597471286156
2024-01-08-manisa-turgutlu,5.783216750230407
2024-01-09-manisa-turgutlu,5.642409225444123
2024-01-10-manisa-turgutlu,5.6250456722688025
2024-01-11-manisa-turgutlu,5.666504380507076
2024-01-12-manisa-turgutlu,5.795404447920284
2024-01-13-manisa-turgutlu,5.555881667224399
2024-01-14-manisa-turgutlu,5.4794776758156605
2024-01-15-manisa-turgutlu,5.704476838077894
2024-01-16-manisa-turgutlu,5.719103059209988
2024-01-17-manisa-turgutlu,5.8069125127794265
2024-01-18-manisa-turgutlu,5.930750608225468
2024-01-19-manisa-turgutlu,5.857991626372661
2024-01-20-manisa-turgutlu,5.781975595011949
2024-01-21-manisa-turgutlu,5.632153041711456
2024-01-22-manisa-turgutlu,5.649322677570083
2024-01-23-manisa-turgutlu,5.721458294758367
2024-01-24-manisa-turgutlu,5.6472814706120875
2024-01-25-manisa-turgutlu,5.752436626070723
2024-01-26-manisa-turgutlu,5.708367254466799
2024-01-27-manisa-turgutlu,5.69424991439349
2024-01-28-manisa-turgutlu,5.724025342994643
2024-01-29-manisa-turgutlu,5.693690950167957
2024-01-30-manisa-turgutlu,5.667556584113897
2024-01-31-manisa-turgutlu,5.725127138184669
2024-01-04-manisa-yunusemre,7.244887102392914
2024-01-05-manisa-yunusemre,7.473006439963409
2024-01-06-manisa-yunusemre,7.279698780889795
2024-01-07-manisa-yunusemre,7.321009890439707
2024-01-08-manisa-yunusemre,7.291803842074026
2024-01-09-manisa-yunusemre,7.041990555465825
2024-01-10-manisa-yunusemre,6.983674467720546
2024-01-11-manisa-yunusemre,7.084682086517157
2024-01-12-manisa-yunusemre,7.132117358873674
2024-01-13-manisa-yunusemre,7.4210316403296135
2024-01-14-manisa-yunusemre,7.811298718992282
2024-01-15-manisa-yunusemre,7.250264283109686
2024-01-16-manisa-yunusemre,6.938402159081756
2024-01-17-manisa-yunusemre,6.945067882382501
2024-01-18-manisa-yunusemre,7.076586539686124
2024-01-19-manisa-yunusemre,7.339119621736096
2024-01-20-manisa-yunusemre,7.265678403947405
2024-01-21-manisa-yunusemre,7.297630563179887
2024-01-22-manisa-yunusemre,7.512221687055512
2024-01-23-manisa-yunusemre,7.483338775946159
2024-01-24-manisa-yunusemre,7.459182300808472
2024-01-25-manisa-yunusemre,7.456562004696453
2024-01-26-manisa-yunusemre,7.162533940682371
2024-01-27-manisa-yunusemre,7.347963955074498
2024-01-28-manisa-yunusemre,7.098014553470868
2024-01-29-manisa-yunusemre,7.069374264709718
2024-01-30-manisa-yunusemre,7.42137277513355
2024-01-31-manisa-yunusemre,7.522038280596216
